/*
 Navicat Premium Data Transfer

 Source Server         : EMPSYSTEM
 Source Server Type    : Oracle
 Source Server Version : 100200
 Source Host           : 127.0.0.1:1521
 Source Schema         : EMPSYSTEM

 Target Server Type    : Oracle
 Target Server Version : 100200
 File Encoding         : 65001

 Date: 15/01/2019 09:43:57
*/


-- ----------------------------
-- Table structure for ADMIN
-- ----------------------------
DROP TABLE "EMPSYSTEM"."ADMIN";
CREATE TABLE "EMPSYSTEM"."ADMIN" (
  "ADMIN_ID" NUMBER(20) NOT NULL ,
  "ADMIN_PASSWORD" VARCHAR2(20 BYTE) NOT NULL ,
  "ADMIN_USERNAME" VARCHAR2(20 BYTE) NOT NULL 
)
TABLESPACE "USERS"
LOGGING
NOCOMPRESS
PCTFREE 10
INITRANS 1
STORAGE (
  INITIAL 65536 
  MINEXTENTS 1
  MAXEXTENTS 2147483645
  BUFFER_POOL DEFAULT
)
PARALLEL 1
NOCACHE
DISABLE ROW MOVEMENT
;

-- ----------------------------
-- Records of "ADMIN"
-- ----------------------------
INSERT INTO "EMPSYSTEM"."ADMIN" VALUES ('1', '1', '1');
INSERT INTO "EMPSYSTEM"."ADMIN" VALUES ('3', '123', '123');

-- ----------------------------
-- Table structure for DEPARTMENT
-- ----------------------------
DROP TABLE "EMPSYSTEM"."DEPARTMENT";
CREATE TABLE "EMPSYSTEM"."DEPARTMENT" (
  "DEPT_ID" NUMBER(11) NOT NULL ,
  "DEPT_NAME" VARCHAR2(20 BYTE) NOT NULL 
)
TABLESPACE "USERS"
LOGGING
NOCOMPRESS
PCTFREE 10
INITRANS 1
STORAGE (
  INITIAL 65536 
  MINEXTENTS 1
  MAXEXTENTS 2147483645
  BUFFER_POOL DEFAULT
)
PARALLEL 1
NOCACHE
DISABLE ROW MOVEMENT
;

-- ----------------------------
-- Records of "DEPARTMENT"
-- ----------------------------
INSERT INTO "EMPSYSTEM"."DEPARTMENT" VALUES ('1', '董事局');
INSERT INTO "EMPSYSTEM"."DEPARTMENT" VALUES ('2', '管理部');
INSERT INTO "EMPSYSTEM"."DEPARTMENT" VALUES ('3', '技术部');
INSERT INTO "EMPSYSTEM"."DEPARTMENT" VALUES ('4', '人事部');
INSERT INTO "EMPSYSTEM"."DEPARTMENT" VALUES ('5', '后勤部');
INSERT INTO "EMPSYSTEM"."DEPARTMENT" VALUES ('6', '财务部');

-- ----------------------------
-- Table structure for POSITION
-- ----------------------------
DROP TABLE "EMPSYSTEM"."POSITION";
CREATE TABLE "EMPSYSTEM"."POSITION" (
  "POS_ID" NUMBER(11) NOT NULL ,
  "POS_NAME" VARCHAR2(20 BYTE) NOT NULL ,
  "DEPT_ID" NUMBER(11) 
)
TABLESPACE "USERS"
LOGGING
NOCOMPRESS
PCTFREE 10
INITRANS 1
STORAGE (
  INITIAL 65536 
  MINEXTENTS 1
  MAXEXTENTS 2147483645
  BUFFER_POOL DEFAULT
)
PARALLEL 1
NOCACHE
DISABLE ROW MOVEMENT
;

-- ----------------------------
-- Records of "POSITION"
-- ----------------------------
INSERT INTO "EMPSYSTEM"."POSITION" VALUES ('1', '董事长', '1');
INSERT INTO "EMPSYSTEM"."POSITION" VALUES ('2', '董事', '1');
INSERT INTO "EMPSYSTEM"."POSITION" VALUES ('3', 'CEO', '1');
INSERT INTO "EMPSYSTEM"."POSITION" VALUES ('4', '总监', '2');
INSERT INTO "EMPSYSTEM"."POSITION" VALUES ('5', '经理', '2');
INSERT INTO "EMPSYSTEM"."POSITION" VALUES ('6', '职员', '2');
INSERT INTO "EMPSYSTEM"."POSITION" VALUES ('7', '总监', '3');
INSERT INTO "EMPSYSTEM"."POSITION" VALUES ('8', '经理', '3');
INSERT INTO "EMPSYSTEM"."POSITION" VALUES ('9', '程序员', '3');
INSERT INTO "EMPSYSTEM"."POSITION" VALUES ('10', '总监', '4');
INSERT INTO "EMPSYSTEM"."POSITION" VALUES ('11', '经理', '4');
INSERT INTO "EMPSYSTEM"."POSITION" VALUES ('12', '职员', '4');
INSERT INTO "EMPSYSTEM"."POSITION" VALUES ('13', '总监', '5');
INSERT INTO "EMPSYSTEM"."POSITION" VALUES ('14', '经理', '5');
INSERT INTO "EMPSYSTEM"."POSITION" VALUES ('15', '职员', '5');
INSERT INTO "EMPSYSTEM"."POSITION" VALUES ('16', '总监', '6');
INSERT INTO "EMPSYSTEM"."POSITION" VALUES ('17', '经理', '6');
INSERT INTO "EMPSYSTEM"."POSITION" VALUES ('18', '职员', '6');

-- ----------------------------
-- Table structure for STAFF
-- ----------------------------
DROP TABLE "EMPSYSTEM"."STAFF";
CREATE TABLE "EMPSYSTEM"."STAFF" (
  "P_ID" NUMBER(11) NOT NULL ,
  "P_NAME" VARCHAR2(20 BYTE) ,
  "SEX" VARCHAR2(5 BYTE) ,
  "DEGREE" VARCHAR2(20 BYTE) ,
  "POS_ID" NUMBER(11) ,
  "STATE" VARCHAR2(20 BYTE) ,
  "DEPT_ID" NUMBER(11) ,
  "USERNAME" VARCHAR2(50 BYTE) ,
  "PASSWORD" VARCHAR2(50 BYTE) 
)
TABLESPACE "USERS"
LOGGING
NOCOMPRESS
PCTFREE 10
INITRANS 1
STORAGE (
  INITIAL 65536 
  MINEXTENTS 1
  MAXEXTENTS 2147483645
  BUFFER_POOL DEFAULT
)
PARALLEL 1
NOCACHE
DISABLE ROW MOVEMENT
;

-- ----------------------------
-- Records of "STAFF"
-- ----------------------------
INSERT INTO "EMPSYSTEM"."STAFF" VALUES ('1', '张一', '女', '博士', '1', '在职', '1', '1', '1');
INSERT INTO "EMPSYSTEM"."STAFF" VALUES ('2', '张二', '男', '博士', '2', '在职', '1', 'zhanger', 'zhanger');
INSERT INTO "EMPSYSTEM"."STAFF" VALUES ('3', '张三', '男', '研究生', '4', '在职', '2', 'zhangsan', 'zhangsan');
INSERT INTO "EMPSYSTEM"."STAFF" VALUES ('4', '张四', '男', '研究生', '4', '在职', '3', 'zhangsi', '1234');
INSERT INTO "EMPSYSTEM"."STAFF" VALUES ('5', '张五', '男', '研究生', '5', '在职', '4', 'zhangwu', '1234');
INSERT INTO "EMPSYSTEM"."STAFF" VALUES ('6', '张六', '男', '本科', '6', '在职', '5', 'zhangliu', '1234');
INSERT INTO "EMPSYSTEM"."STAFF" VALUES ('7', '张七', '男', '本科', '7', '在职', '4', 'zhangqi', '1234');
INSERT INTO "EMPSYSTEM"."STAFF" VALUES ('8', '张八', '男', '本科', '8', '在职', '6', 'zhangba', '1234');
INSERT INTO "EMPSYSTEM"."STAFF" VALUES ('9', '张九', '男', '专科', '9', '在职', '6', 'zhangjiu', '1234');
INSERT INTO "EMPSYSTEM"."STAFF" VALUES ('10', '张十', '男', '专科', '10', '在职', '5', 'zhangshi', '1234');
INSERT INTO "EMPSYSTEM"."STAFF" VALUES ('13', '张八', '男', '本科', '8', '在职', '6', 'zhangba', '1234');
INSERT INTO "EMPSYSTEM"."STAFF" VALUES ('11', '张六', '男', '本科', '6', '在职', '5', 'zhangliu', '1234');
INSERT INTO "EMPSYSTEM"."STAFF" VALUES ('12', '张七', '男', '本科', '7', '在职', '4', 'zhangqi', '1234');
INSERT INTO "EMPSYSTEM"."STAFF" VALUES ('14', '张九', '男', '专科', '9', '在职', '6', 'zhangjiu', '1234');
INSERT INTO "EMPSYSTEM"."STAFF" VALUES ('15', '张十', '男', '专科', '10', '在职', '5', 'zhangshi', '1234');
INSERT INTO "EMPSYSTEM"."STAFF" VALUES ('16', '张六', '男', '本科', '6', '在职', '5', 'zhangliu', '1234');
INSERT INTO "EMPSYSTEM"."STAFF" VALUES ('17', '护士节', '男', '博士', '1', '在职', '1', '1', '1');
INSERT INTO "EMPSYSTEM"."STAFF" VALUES ('18', '李洋', '男', '本科', '6', '在职', '3', '111', 'aaa');
INSERT INTO "EMPSYSTEM"."STAFF" VALUES ('27', '爱都爱都', '女', '博士', '9', '在职', '3', '1213', '1414');
INSERT INTO "EMPSYSTEM"."STAFF" VALUES ('25', '爱都爱都', '女', '博士', '9', '在职', '3', '1213', '1414');
INSERT INTO "EMPSYSTEM"."STAFF" VALUES ('26', '爱都爱都', '女', '博士', '9', '在职', '3', '1213', '1414');
INSERT INTO "EMPSYSTEM"."STAFF" VALUES ('28', '胡志金', '男', '博士', '1', '在职', '1', '1', '1');

-- ----------------------------
-- Table structure for STAFFAGREEMENT
-- ----------------------------
DROP TABLE "EMPSYSTEM"."STAFFAGREEMENT";
CREATE TABLE "EMPSYSTEM"."STAFFAGREEMENT" (
  "P_ID" NUMBER(11) NOT NULL ,
  "AGREEMENT_ID" NUMBER(11) NOT NULL ,
  "AGREEMENT_BTIME" DATE NOT NULL ,
  "AGREEMENT_CONTENT" VARCHAR2(100 BYTE) NOT NULL 
)
TABLESPACE "USERS"
LOGGING
NOCOMPRESS
PCTFREE 10
INITRANS 1
STORAGE (
  INITIAL 65536 
  MINEXTENTS 1
  MAXEXTENTS 2147483645
  BUFFER_POOL DEFAULT
)
PARALLEL 1
NOCACHE
DISABLE ROW MOVEMENT
;

-- ----------------------------
-- Records of "STAFFAGREEMENT"
-- ----------------------------
INSERT INTO "EMPSYSTEM"."STAFFAGREEMENT" VALUES ('1', '1', TO_DATE('2017-01-15 00:00:00', 'SYYYY-MM-DD HH24:MI:SS'), '1.docx');
INSERT INTO "EMPSYSTEM"."STAFFAGREEMENT" VALUES ('2', '2', TO_DATE('2017-01-16 00:00:00', 'SYYYY-MM-DD HH24:MI:SS'), '2.docx');
INSERT INTO "EMPSYSTEM"."STAFFAGREEMENT" VALUES ('3', '3', TO_DATE('2017-03-23 00:00:00', 'SYYYY-MM-DD HH24:MI:SS'), '3.docx');
INSERT INTO "EMPSYSTEM"."STAFFAGREEMENT" VALUES ('4', '4', TO_DATE('2017-03-15 00:00:00', 'SYYYY-MM-DD HH24:MI:SS'), '4.docx');
INSERT INTO "EMPSYSTEM"."STAFFAGREEMENT" VALUES ('5', '5', TO_DATE('2017-01-28 00:00:00', 'SYYYY-MM-DD HH24:MI:SS'), '5.docx');
INSERT INTO "EMPSYSTEM"."STAFFAGREEMENT" VALUES ('6', '6', TO_DATE('2017-04-18 00:00:00', 'SYYYY-MM-DD HH24:MI:SS'), '6.docx');
INSERT INTO "EMPSYSTEM"."STAFFAGREEMENT" VALUES ('7', '7', TO_DATE('2017-01-01 00:00:00', 'SYYYY-MM-DD HH24:MI:SS'), '7.docx');
INSERT INTO "EMPSYSTEM"."STAFFAGREEMENT" VALUES ('8', '8', TO_DATE('2017-03-09 00:00:00', 'SYYYY-MM-DD HH24:MI:SS'), '8.docx');
INSERT INTO "EMPSYSTEM"."STAFFAGREEMENT" VALUES ('9', '9', TO_DATE('2017-03-31 00:00:00', 'SYYYY-MM-DD HH24:MI:SS'), '9.docx');
INSERT INTO "EMPSYSTEM"."STAFFAGREEMENT" VALUES ('14', '17', TO_DATE('2019-01-31 00:00:00', 'SYYYY-MM-DD HH24:MI:SS'), '11 - 副本 (2).docx');

-- ----------------------------
-- Table structure for STAFFALTER
-- ----------------------------
DROP TABLE "EMPSYSTEM"."STAFFALTER";
CREATE TABLE "EMPSYSTEM"."STAFFALTER" (
  "ALTER_ID" NUMBER(11) NOT NULL ,
  "P_ID" NUMBER(11) ,
  "ALTER_BTIME" DATE ,
  "ALTER_ETIME" DATE ,
  "ALTER_CONTENT" VARCHAR2(100 BYTE) 
)
TABLESPACE "USERS"
LOGGING
NOCOMPRESS
PCTFREE 10
INITRANS 1
STORAGE (
  INITIAL 65536 
  MINEXTENTS 1
  MAXEXTENTS 2147483645
  BUFFER_POOL DEFAULT
)
PARALLEL 1
NOCACHE
DISABLE ROW MOVEMENT
;

-- ----------------------------
-- Records of "STAFFALTER"
-- ----------------------------
INSERT INTO "EMPSYSTEM"."STAFFALTER" VALUES ('1', '1', TO_DATE('2019-01-15 00:00:00', 'SYYYY-MM-DD HH24:MI:SS'), TO_DATE('2019-01-15 00:00:00', 'SYYYY-MM-DD HH24:MI:SS'), '一号测试');
INSERT INTO "EMPSYSTEM"."STAFFALTER" VALUES ('2', '2', TO_DATE('2017-01-08 00:00:00', 'SYYYY-MM-DD HH24:MI:SS'), TO_DATE('2017-01-22 00:00:00', 'SYYYY-MM-DD HH24:MI:SS'), '二号测试');
INSERT INTO "EMPSYSTEM"."STAFFALTER" VALUES ('3', '3', TO_DATE('2017-01-08 00:00:00', 'SYYYY-MM-DD HH24:MI:SS'), TO_DATE('2017-01-22 00:00:00', 'SYYYY-MM-DD HH24:MI:SS'), '三号测试');
INSERT INTO "EMPSYSTEM"."STAFFALTER" VALUES ('4', '4', TO_DATE('2017-01-08 00:00:00', 'SYYYY-MM-DD HH24:MI:SS'), TO_DATE('2017-01-22 00:00:00', 'SYYYY-MM-DD HH24:MI:SS'), '测试');
INSERT INTO "EMPSYSTEM"."STAFFALTER" VALUES ('5', '5', TO_DATE('2017-01-08 00:00:00', 'SYYYY-MM-DD HH24:MI:SS'), TO_DATE('2017-01-22 00:00:00', 'SYYYY-MM-DD HH24:MI:SS'), '测试');
INSERT INTO "EMPSYSTEM"."STAFFALTER" VALUES ('6', '6', TO_DATE('2017-03-01 00:00:00', 'SYYYY-MM-DD HH24:MI:SS'), TO_DATE('2017-03-21 00:00:00', 'SYYYY-MM-DD HH24:MI:SS'), '测试');
INSERT INTO "EMPSYSTEM"."STAFFALTER" VALUES ('7', '7', TO_DATE('2017-03-04 00:00:00', 'SYYYY-MM-DD HH24:MI:SS'), TO_DATE('2017-03-23 00:00:00', 'SYYYY-MM-DD HH24:MI:SS'), '测试');
INSERT INTO "EMPSYSTEM"."STAFFALTER" VALUES ('8', '8', TO_DATE('2017-03-03 00:00:00', 'SYYYY-MM-DD HH24:MI:SS'), TO_DATE('2017-03-25 00:00:00', 'SYYYY-MM-DD HH24:MI:SS'), '测试');
INSERT INTO "EMPSYSTEM"."STAFFALTER" VALUES ('9', '9', TO_DATE('2017-03-18 00:00:00', 'SYYYY-MM-DD HH24:MI:SS'), TO_DATE('2017-03-24 00:00:00', 'SYYYY-MM-DD HH24:MI:SS'), '测试');
INSERT INTO "EMPSYSTEM"."STAFFALTER" VALUES ('10', '10', TO_DATE('2017-03-09 00:00:00', 'SYYYY-MM-DD HH24:MI:SS'), TO_DATE('2017-03-25 00:00:00', 'SYYYY-MM-DD HH24:MI:SS'), '测试');
INSERT INTO "EMPSYSTEM"."STAFFALTER" VALUES ('11', '5', TO_DATE('2019-01-15 00:00:00', 'SYYYY-MM-DD HH24:MI:SS'), TO_DATE('2019-01-15 00:00:00', 'SYYYY-MM-DD HH24:MI:SS'), '五号测试');
INSERT INTO "EMPSYSTEM"."STAFFALTER" VALUES ('13', '11', TO_DATE('2019-01-14 00:00:00', 'SYYYY-MM-DD HH24:MI:SS'), TO_DATE('2019-01-15 00:00:00', 'SYYYY-MM-DD HH24:MI:SS'), '2019年1月14号，上午，测试');

-- ----------------------------
-- Table structure for TRAIN
-- ----------------------------
DROP TABLE "EMPSYSTEM"."TRAIN";
CREATE TABLE "EMPSYSTEM"."TRAIN" (
  "TRAIN_ID" NUMBER(11) NOT NULL ,
  "TYPE_CODE" NUMBER(20) ,
  "TRAIN_BTIME" DATE ,
  "TRAIN_ETIME" DATE ,
  "TRAIN_EXPENSE" VARCHAR2(20 BYTE) ,
  "P_ID" NUMBER(11) 
)
TABLESPACE "USERS"
LOGGING
NOCOMPRESS
PCTFREE 10
INITRANS 1
STORAGE (
  INITIAL 65536 
  MINEXTENTS 1
  MAXEXTENTS 2147483645
  BUFFER_POOL DEFAULT
)
PARALLEL 1
NOCACHE
DISABLE ROW MOVEMENT
;

-- ----------------------------
-- Records of "TRAIN"
-- ----------------------------
INSERT INTO "EMPSYSTEM"."TRAIN" VALUES ('1', '1', TO_DATE('2017-01-18 00:00:00', 'SYYYY-MM-DD HH24:MI:SS'), TO_DATE('2017-01-24 00:00:00', 'SYYYY-MM-DD HH24:MI:SS'), '测试培训心得', '1');
INSERT INTO "EMPSYSTEM"."TRAIN" VALUES ('2', '2', TO_DATE('2017-03-09 00:00:00', 'SYYYY-MM-DD HH24:MI:SS'), TO_DATE('2017-03-30 00:00:00', 'SYYYY-MM-DD HH24:MI:SS'), '很棒', '3');
INSERT INTO "EMPSYSTEM"."TRAIN" VALUES ('3', '3', TO_DATE('2017-03-01 00:00:00', 'SYYYY-MM-DD HH24:MI:SS'), TO_DATE('2017-03-16 00:00:00', 'SYYYY-MM-DD HH24:MI:SS'), '很nice', '2');
INSERT INTO "EMPSYSTEM"."TRAIN" VALUES ('4', '4', TO_DATE('2017-01-01 00:00:00', 'SYYYY-MM-DD HH24:MI:SS'), TO_DATE('2017-01-17 00:00:00', 'SYYYY-MM-DD HH24:MI:SS'), 'hhh', '1');
INSERT INTO "EMPSYSTEM"."TRAIN" VALUES ('5', '4', TO_DATE('2017-03-09 00:00:00', 'SYYYY-MM-DD HH24:MI:SS'), TO_DATE('2017-03-24 00:00:00', 'SYYYY-MM-DD HH24:MI:SS'), '完美', '4');
INSERT INTO "EMPSYSTEM"."TRAIN" VALUES ('6', '5', TO_DATE('2017-03-01 00:00:00', 'SYYYY-MM-DD HH24:MI:SS'), TO_DATE('2017-03-31 00:00:00', 'SYYYY-MM-DD HH24:MI:SS'), '棒极了', '1');
INSERT INTO "EMPSYSTEM"."TRAIN" VALUES ('7', '7', TO_DATE('2017-03-16 00:00:00', 'SYYYY-MM-DD HH24:MI:SS'), TO_DATE('2017-03-23 00:00:00', 'SYYYY-MM-DD HH24:MI:SS'), '无敌', '2');
INSERT INTO "EMPSYSTEM"."TRAIN" VALUES ('8', '6', TO_DATE('2017-03-15 00:00:00', 'SYYYY-MM-DD HH24:MI:SS'), TO_DATE('2017-03-23 00:00:00', 'SYYYY-MM-DD HH24:MI:SS'), '新人加入', '3');
INSERT INTO "EMPSYSTEM"."TRAIN" VALUES ('9', '8', TO_DATE('2017-03-09 00:00:00', 'SYYYY-MM-DD HH24:MI:SS'), TO_DATE('2017-03-25 00:00:00', 'SYYYY-MM-DD HH24:MI:SS'), '培训开始', '4');
INSERT INTO "EMPSYSTEM"."TRAIN" VALUES ('10', '9', TO_DATE('2017-03-16 00:00:00', 'SYYYY-MM-DD HH24:MI:SS'), TO_DATE('2017-03-30 00:00:00', 'SYYYY-MM-DD HH24:MI:SS'), '努力学习', '3');

-- ----------------------------
-- Table structure for TRAINTYPE
-- ----------------------------
DROP TABLE "EMPSYSTEM"."TRAINTYPE";
CREATE TABLE "EMPSYSTEM"."TRAINTYPE" (
  "TYPE_NAME" VARCHAR2(50 BYTE) ,
  "TYPE_CODE" NUMBER(20) NOT NULL ,
  "TYPE_INFO" VARCHAR2(200 BYTE) 
)
TABLESPACE "USERS"
LOGGING
NOCOMPRESS
PCTFREE 10
INITRANS 1
STORAGE (
  INITIAL 65536 
  MINEXTENTS 1
  MAXEXTENTS 2147483645
  BUFFER_POOL DEFAULT
)
PARALLEL 1
NOCACHE
DISABLE ROW MOVEMENT
;

-- ----------------------------
-- Records of "TRAINTYPE"
-- ----------------------------
INSERT INTO "EMPSYSTEM"."TRAINTYPE" VALUES ('IT培训', '1', 'IT专业技能培训');
INSERT INTO "EMPSYSTEM"."TRAINTYPE" VALUES ('Office培训', '2', '训练office技能');
INSERT INTO "EMPSYSTEM"."TRAINTYPE" VALUES ('团队建设培训', '3', '增强团队合作能力');
INSERT INTO "EMPSYSTEM"."TRAINTYPE" VALUES ('礼仪培训', '4', '熟悉礼仪');
INSERT INTO "EMPSYSTEM"."TRAINTYPE" VALUES ('入职培训', '5', '新人必须参加');
INSERT INTO "EMPSYSTEM"."TRAINTYPE" VALUES ('业务培训', '6', '熟悉业务');
INSERT INTO "EMPSYSTEM"."TRAINTYPE" VALUES ('SAP培训', '7', '掌握SAP技能');
INSERT INTO "EMPSYSTEM"."TRAINTYPE" VALUES ('Oracle培训', '8', '掌握Oracle技能');
INSERT INTO "EMPSYSTEM"."TRAINTYPE" VALUES ('Android培训', '9', '掌握Android技能');
INSERT INTO "EMPSYSTEM"."TRAINTYPE" VALUES ('Java培训', '10', '掌握Java技能');

-- ----------------------------
-- Sequence structure for ADM_SEQ
-- ----------------------------
DROP SEQUENCE "EMPSYSTEM"."ADM_SEQ";
CREATE SEQUENCE "EMPSYSTEM"."ADM_SEQ" MINVALUE 1 MAXVALUE 999999999999999999999999999 INCREMENT BY 1 CACHE 20;

-- ----------------------------
-- Sequence structure for AGREEMENT_SEQ
-- ----------------------------
DROP SEQUENCE "EMPSYSTEM"."AGREEMENT_SEQ";
CREATE SEQUENCE "EMPSYSTEM"."AGREEMENT_SEQ" MINVALUE 1 MAXVALUE 999999999999999999999999999 INCREMENT BY 1 CACHE 20;

-- ----------------------------
-- Sequence structure for STAFFALTER_SEQ
-- ----------------------------
DROP SEQUENCE "EMPSYSTEM"."STAFFALTER_SEQ";
CREATE SEQUENCE "EMPSYSTEM"."STAFFALTER_SEQ" MINVALUE 1 MAXVALUE 999999999999999999999999999 INCREMENT BY 1 CACHE 20;

-- ----------------------------
-- Sequence structure for STAFF_SEQ
-- ----------------------------
DROP SEQUENCE "EMPSYSTEM"."STAFF_SEQ";
CREATE SEQUENCE "EMPSYSTEM"."STAFF_SEQ" MINVALUE 1 MAXVALUE 999999999999999999999999999 INCREMENT BY 1 CACHE 20;

-- ----------------------------
-- Sequence structure for TRAIN_SEQ
-- ----------------------------
DROP SEQUENCE "EMPSYSTEM"."TRAIN_SEQ";
CREATE SEQUENCE "EMPSYSTEM"."TRAIN_SEQ" MINVALUE 1 MAXVALUE 999999999999999999999999999 INCREMENT BY 1 CACHE 20;

-- ----------------------------
-- Primary Key structure for table ADMIN
-- ----------------------------
ALTER TABLE "EMPSYSTEM"."ADMIN" ADD CONSTRAINT "SYS_C004366" PRIMARY KEY ("ADMIN_ID");

-- ----------------------------
-- Checks structure for table ADMIN
-- ----------------------------
ALTER TABLE "EMPSYSTEM"."ADMIN" ADD CONSTRAINT "SYS_C004364" CHECK ("ADMIN_PASSWORD" IS NOT NULL) NOT DEFERRABLE INITIALLY IMMEDIATE NORELY VALIDATE;
ALTER TABLE "EMPSYSTEM"."ADMIN" ADD CONSTRAINT "SYS_C004365" CHECK ("ADMIN_USERNAME" IS NOT NULL) NOT DEFERRABLE INITIALLY IMMEDIATE NORELY VALIDATE;

-- ----------------------------
-- Primary Key structure for table DEPARTMENT
-- ----------------------------
ALTER TABLE "EMPSYSTEM"."DEPARTMENT" ADD CONSTRAINT "SYS_C004368" PRIMARY KEY ("DEPT_ID");

-- ----------------------------
-- Checks structure for table DEPARTMENT
-- ----------------------------
ALTER TABLE "EMPSYSTEM"."DEPARTMENT" ADD CONSTRAINT "SYS_C004367" CHECK ("DEPT_NAME" IS NOT NULL) NOT DEFERRABLE INITIALLY IMMEDIATE NORELY VALIDATE;

-- ----------------------------
-- Primary Key structure for table POSITION
-- ----------------------------
ALTER TABLE "EMPSYSTEM"."POSITION" ADD CONSTRAINT "SYS_C004370" PRIMARY KEY ("POS_ID");

-- ----------------------------
-- Checks structure for table POSITION
-- ----------------------------
ALTER TABLE "EMPSYSTEM"."POSITION" ADD CONSTRAINT "SYS_C004369" CHECK ("POS_NAME" IS NOT NULL) NOT DEFERRABLE INITIALLY IMMEDIATE NORELY VALIDATE;

-- ----------------------------
-- Primary Key structure for table STAFF
-- ----------------------------
ALTER TABLE "EMPSYSTEM"."STAFF" ADD CONSTRAINT "SYS_C004372" PRIMARY KEY ("P_ID");

-- ----------------------------
-- Primary Key structure for table STAFFAGREEMENT
-- ----------------------------
ALTER TABLE "EMPSYSTEM"."STAFFAGREEMENT" ADD CONSTRAINT "SYS_C004378" PRIMARY KEY ("P_ID");

-- ----------------------------
-- Checks structure for table STAFFAGREEMENT
-- ----------------------------
ALTER TABLE "EMPSYSTEM"."STAFFAGREEMENT" ADD CONSTRAINT "SYS_C004375" CHECK ("AGREEMENT_ID" IS NOT NULL) NOT DEFERRABLE INITIALLY IMMEDIATE NORELY VALIDATE;
ALTER TABLE "EMPSYSTEM"."STAFFAGREEMENT" ADD CONSTRAINT "SYS_C004376" CHECK ("AGREEMENT_BTIME" IS NOT NULL) NOT DEFERRABLE INITIALLY IMMEDIATE NORELY VALIDATE;
ALTER TABLE "EMPSYSTEM"."STAFFAGREEMENT" ADD CONSTRAINT "SYS_C004377" CHECK ("AGREEMENT_CONTENT" IS NOT NULL) NOT DEFERRABLE INITIALLY IMMEDIATE NORELY VALIDATE;

-- ----------------------------
-- Primary Key structure for table STAFFALTER
-- ----------------------------
ALTER TABLE "EMPSYSTEM"."STAFFALTER" ADD CONSTRAINT "SYS_C004380" PRIMARY KEY ("ALTER_ID");

-- ----------------------------
-- Primary Key structure for table TRAIN
-- ----------------------------
ALTER TABLE "EMPSYSTEM"."TRAIN" ADD CONSTRAINT "SYS_C004382" PRIMARY KEY ("TRAIN_ID");

-- ----------------------------
-- Primary Key structure for table TRAINTYPE
-- ----------------------------
ALTER TABLE "EMPSYSTEM"."TRAINTYPE" ADD CONSTRAINT "SYS_C004384" PRIMARY KEY ("TYPE_CODE");

-- ----------------------------
-- Foreign Keys structure for table POSITION
-- ----------------------------
ALTER TABLE "EMPSYSTEM"."POSITION" ADD CONSTRAINT "SYS_C004371" FOREIGN KEY ("DEPT_ID") REFERENCES "DEPARTMENT" ("DEPT_ID") ON DELETE CASCADE NOT DEFERRABLE INITIALLY IMMEDIATE NORELY VALIDATE;

-- ----------------------------
-- Foreign Keys structure for table STAFF
-- ----------------------------
ALTER TABLE "EMPSYSTEM"."STAFF" ADD CONSTRAINT "SYS_C004373" FOREIGN KEY ("POS_ID") REFERENCES "POSITION" ("POS_ID") ON DELETE CASCADE NOT DEFERRABLE INITIALLY IMMEDIATE NORELY VALIDATE;
ALTER TABLE "EMPSYSTEM"."STAFF" ADD CONSTRAINT "SYS_C004374" FOREIGN KEY ("DEPT_ID") REFERENCES "DEPARTMENT" ("DEPT_ID") ON DELETE CASCADE NOT DEFERRABLE INITIALLY IMMEDIATE NORELY VALIDATE;

-- ----------------------------
-- Foreign Keys structure for table STAFFAGREEMENT
-- ----------------------------
ALTER TABLE "EMPSYSTEM"."STAFFAGREEMENT" ADD CONSTRAINT "SYS_C004379" FOREIGN KEY ("P_ID") REFERENCES "STAFF" ("P_ID") ON DELETE CASCADE NOT DEFERRABLE INITIALLY IMMEDIATE NORELY VALIDATE;

-- ----------------------------
-- Foreign Keys structure for table STAFFALTER
-- ----------------------------
ALTER TABLE "EMPSYSTEM"."STAFFALTER" ADD CONSTRAINT "SYS_C004381" FOREIGN KEY ("P_ID") REFERENCES "STAFF" ("P_ID") ON DELETE CASCADE NOT DEFERRABLE INITIALLY IMMEDIATE NORELY VALIDATE;

-- ----------------------------
-- Foreign Keys structure for table TRAIN
-- ----------------------------
ALTER TABLE "EMPSYSTEM"."TRAIN" ADD CONSTRAINT "SYS_C004383" FOREIGN KEY ("P_ID") REFERENCES "STAFF" ("P_ID") ON DELETE CASCADE NOT DEFERRABLE INITIALLY IMMEDIATE NORELY VALIDATE;
